,lat,lon,city,temp,humidity,windspeed,cloudness
0,-5.1529999995948685,60.65300000114908,victoria,298.5,65.0,6.7,20.0
1,38.52100000061367,-35.70999999931104,ribeira grande,287.4,90.0,9.06,79.0
2,-41.37899999976784,20.893000000959233,bredasdorp,286.15,87.0,1.5,75.0
3,-4.01199999958942,-89.43399999956756,san cristobal,299.15,69.0,1.0,75.0
4,87.21700000084618,-93.17799999958544,qaanaaq,252.7,98.0,1.9,100.0
6,25.780000000552832,65.58200000117262,bela,307.0,18.0,0.57,18.0
7,-16.186999999647554,28.091000000993603,kafue,290.15,93.0,2.13,20.0
8,-8.557999999611127,73.19300000120896,hithadhoo,302.2,74.0,4.7,75.0
9,8.727000000471406,-118.50899999970639,cabo san lucas,293.06,56.0,2.1,5.0
10,69.25700000076043,20.110000000955495,skibotn,277.15,80.0,9.3,90.0
11,20.847000000529277,-13.019999999202696,atar,283.3,83.0,2.79,0.0
12,2.7180000004427143,28.357000000994873,wamba,297.3,80.0,1.11,99.0
13,-38.13799999975237,-147.94699999984695,mataura,284.82,83.0,5.36,100.0
14,-28.66999999970716,-160.45099999990666,avarua,301.15,83.0,3.6,100.0
15,2.6910000004425854,-21.065999999241114,goderich,273.6,91.0,1.7,21.0
16,80.19300000081265,-7.326999999175513,husavik,275.15,55.0,14.4,99.0
17,-88.32199999999199,1.4750000008665154,hermanus,288.71,86.0,0.89,83.0
18,39.578000000618715,27.845000000992428,soma,281.06,100.0,1.86,40.0
19,-82.61199999996472,-51.46599999938627,ushuaia,279.15,75.0,8.7,90.0
20,-49.30999999980571,-112.90799999967965,rikitea,298.6,80.0,5.03,100.0
21,74.24200000078423,-134.58499999978315,tuktoyaktuk,259.15,71.0,6.2,75.0
23,-47.11299999979522,-0.6709999991437314,cape town,290.24,82.0,5.1,86.0
24,-56.37599999983945,-84.27799999954294,punta arenas,278.94,75.0,5.1,39.0
25,35.78000000060058,-161.34899999991094,kapaa,296.56,57.0,3.6,75.0
26,-6.5079999996013385,34.121000001022395,mgandu,291.1,93.0,3.9,92.0
29,60.79400000072002,-91.35999999957676,thompson,268.15,62.0,1.69,90.0
31,10.007000000477518,72.78800000120702,kavaratti,303.15,66.0,2.1,20.0
32,23.17000000054037,-96.97099999960355,nuevo progreso,297.38,90.0,1.79,6.0
33,-33.98499999973254,-68.00299999946523,san rafael,295.7,16.0,4.19,5.0
34,68.76600000075808,-169.63899999995053,lavrentiya,269.1,90.0,4.12,25.0
35,57.484000000704214,-72.36599999948606,iqaluit,263.94,78.0,4.6,75.0
37,42.58600000063308,0.6190000008624281,saint-gaudens,279.44,100.0,0.5,90.0
40,-2.1369999995804676,-147.38099999984425,atuona,300.9,80.0,5.35,29.0
43,-26.582999999697194,-104.70299999964047,puerto ayora,298.15,85.0,1.79,79.0
44,-86.59699999998375,45.70100000107769,port alfred,292.04,85.0,1.34,98.0
45,43.10800000063557,-96.96999999960354,vermillion,279.86,93.0,3.6,90.0
47,-54.066999999828425,-37.57399999931994,mar del plata,292.11,100.0,4.1,20.0
49,25.27900000055044,61.098000001151206,chabahar,295.2,45.0,4.3,0.0
51,-3.3939999995864696,-32.14599999929402,touros,297.15,94.0,1.5,40.0
52,-36.838999999746164,-57.1269999994133,dolores,292.2,88.0,4.64,0.0
54,31.061000000578048,50.38600000110006,behbahan,283.22,82.0,1.0,20.0
55,28.58400000056622,-105.12699999964249,jimenez,297.15,14.0,4.1,40.0
56,82.39400000082316,-118.13699999970461,norman wells,262.15,43.0,2.6,75.0
57,51.189000000674156,-22.263999999246835,dingle,304.2,54.0,6.91,66.0
58,79.52100000080944,-145.31499999983438,barrow,258.15,77.0,1.5,1.0
61,30.9460000005775,12.500000000919158,mizdah,284.1,85.0,6.31,39.0
63,-27.862999999703305,-60.501999999429415,presidencia roque saenz pena,296.1,53.0,3.2,0.0
64,27.084000000559058,-81.74899999953087,punta gorda,293.99,100.0,0.77,20.0
66,-49.542999999806824,-178.50399999999286,vaini,302.15,74.0,3.6,40.0
68,24.354000000546023,-44.28099999935196,codrington,287.8,66.0,4.71,100.0
72,56.36900000069889,31.352000001009174,toropets,271.1,43.0,1.39,0.0
73,53.93900000068729,-158.50499999989736,kodiak,282.15,34.0,2.6,1.0
75,-30.43399999971558,76.20800000122335,bambous virieux,299.75,83.0,3.6,75.0
76,13.973000000496455,-8.590999999181548,kolokani,296.5,26.0,4.01,68.0
78,9.517000000475178,38.312000001042406,gebre guracha,296.5,21.0,1.46,26.0
79,-45.83699999978913,-87.03099999955609,castro,285.4,98.0,2.5,28.0
80,-7.233999999604805,23.364000000971032,mwene-ditu,293.2,93.0,3.4,92.0
83,21.776000000533713,-127.11299999974747,san quintin,287.8,78.0,5.45,0.0
85,-4.071999999589707,7.07200000089324,gamba,298.3,91.0,2.45,100.0
86,-56.772999999841346,-32.49299999929568,chuy,293.7,84.0,4.88,0.0
88,59.64500000071453,-50.04199999937947,paamiut,260.8,55.0,5.39,28.0
89,88.3080000008514,77.71300000123051,dikson,262.3,89.0,2.77,17.0
91,2.47000000044153,27.748000000991965,isiro,295.2,93.0,1.39,95.0
92,-15.556999999644546,-65.69599999945422,trinidad,297.0,93.0,1.04,100.0
93,-10.865999999622147,-29.153999999279733,sao jose da coroa grande,300.9,78.0,4.13,100.0
94,-23.347999999681747,-89.60599999956838,pisco,294.99,83.0,6.7,90.0
95,23.217000000540594,-64.91399999945048,road town,297.62,69.0,6.2,40.0
97,11.159000000483019,37.68800000103943,adet,295.4,22.0,1.69,66.0
98,83.74700000082962,-38.22099999932303,tasiilaq,269.15,92.0,2.1,100.0
99,72.01800000077361,-86.02499999955128,clyde river,249.15,83.0,1.5,90.0
101,55.45600000069453,-28.69499999927754,grindavik,273.56,69.0,11.3,75.0
102,28.026000000563556,56.174000001127695,qeshm,291.67,48.0,2.1,0.0
103,12.570000000489756,51.18000000110385,bereda,280.93,100.0,1.5,91.0
105,24.625000000547317,-111.47999999967283,constitucion,287.2,82.0,1.89,0.0
106,-39.058999999756765,-15.831999999216123,jamestown,275.17,93.0,1.5,90.0
107,-23.66299999968325,5.207000000884335,henties bay,289.82,92.0,2.24,10.0
109,43.7430000006386,-47.23799999936608,torbay,268.77,73.0,6.2,75.0
110,-16.3849999996485,63.096000001160746,grand gaube,299.66,83.0,3.6,75.0
111,55.64000000069541,-51.60799999938695,saint anthony,274.59,93.0,2.57,1.0
116,-37.167999999747735,23.727000000972765,plettenberg bay,291.2,83.0,0.95,85.0
117,14.643000000499654,-138.52899999980198,hilo,289.93,78.0,3.6,90.0
118,-18.144999999656903,-57.09999999941317,puerto quijarro,295.8,95.0,1.6,64.0
122,81.1670000008173,-105.90499999964621,yellowknife,251.31,63.0,2.1,5.0
123,57.612000000704825,-62.30799999943804,saint-augustin,268.3,84.0,8.77,89.0
126,-14.505999999639528,-26.135999999265323,maragogi,300.9,78.0,4.13,100.0
129,66.68800000074816,41.977000001059906,kamenka,271.0,60.0,3.83,0.0
133,17.881000000515115,28.52800000099569,marawi,301.48,80.0,3.13,73.0
137,31.268000000579036,34.605000001024706,ofaqim,287.88,67.0,1.34,0.0
139,10.249000000478674,-88.5209999995632,corinto,283.48,81.0,3.6,75.0
141,39.76100000061959,-16.33199999921851,camacha,289.15,77.0,5.7,40.0
142,59.79700000071526,-173.4669999999688,provideniya,273.15,97.0,7.0,75.0
143,-29.33199999971032,19.974000000954845,warmbad,294.2,33.0,1.55,50.0
144,-2.5679999995825256,-23.628999999253352,georgetown,305.56,63.0,1.5,20.0
149,-65.10299999988112,47.94000000108838,east london,292.15,100.0,5.1,75.0
157,69.80200000076303,-4.435999999161709,klaksvik,278.15,80.0,5.7,100.0
158,57.363000000703636,-114.98599999968957,slave lake,270.15,92.0,1.5,90.0
163,35.735000000600365,-27.86499999927358,horta,287.4,90.0,9.06,79.0
165,54.80300000069141,57.62400000113462,sim,272.7,96.0,1.98,95.0
166,-16.596999999649512,-29.279999999280335,coruripe,299.6,82.0,1.62,81.0
169,49.40700000066565,-78.7619999995166,macamic,271.15,68.0,1.5,90.0
170,20.689000000528523,-79.07699999951811,santa cruz del sur,297.8,81.0,7.88,15.0
173,-10.621999999620982,15.264000000932356,kibala,300.1,26.0,1.63,0.0
174,-42.46999999977305,78.41900000123394,mahebourg,299.77,83.0,3.6,75.0
177,9.720000000476148,5.286000000884712,kontagora,298.3,71.0,3.0,100.0
178,-34.507999999735034,-21.350999999242475,sao joao da barra,294.8,83.0,4.72,10.0
186,35.74800000060043,-134.6349999997834,fortuna,281.4,87.0,1.64,90.0
187,74.92400000078749,-58.64999999942057,upernavik,255.2,71.0,4.48,100.0
189,63.48500000073287,-44.30199999935206,qaqortoq,266.15,62.0,1.0,0.0
190,-29.01199999970879,21.08900000096017,upington,295.15,56.0,1.0,0.0
193,4.983000000453529,-51.426999999386084,cayenne,299.15,78.0,2.6,75.0
198,55.64400000069543,-39.08899999932717,nanortalik,269.7,61.0,16.04,0.0
199,8.199000000468885,3.5890000008766094,iseyin,297.1,87.0,1.97,100.0
200,16.047000000506358,55.71200000112549,salalah,298.15,44.0,3.1,0.0
201,32.90500000058685,22.494000000966878,darnah,288.2,83.0,7.34,76.0
204,-22.015999999675387,-57.86399999941682,san lazaro,294.4,96.0,1.41,10.0
205,14.789000000500351,74.63700000121585,yellapur,299.15,69.0,1.5,6.0
206,87.80400000084899,-59.05099999942249,narsaq,266.15,62.0,1.0,0.0
207,-7.69999999960703,-28.09599999927468,pitimbu,298.15,88.0,1.5,20.0
209,-26.71199999969781,10.9380000009117,luderitz,288.15,82.0,3.6,0.0
210,-37.2859999997483,-53.34499999939524,maldonado,292.62,100.0,2.6,0.0
211,59.19200000071237,-163.0139999999189,bethel,274.82,97.0,2.1,90.0
216,42.09900000063075,-104.40199999963903,torrington,274.02,96.0,5.7,90.0
217,-15.780999999645616,-71.94099999948403,lluta,282.2,90.0,1.32,100.0
225,-27.592999999702016,41.8500000010593,beloha,301.8,53.0,2.69,0.0
227,69.01700000075928,12.762000000920409,gravdal,279.15,75.0,6.7,75.0
229,0.08100000043012301,43.59700000106764,jamame,302.1,76.0,3.94,39.0
231,-39.56699999975919,-38.23799999932311,cidreira,295.9,79.0,11.64,5.0
235,5.13400000045425,-66.29399999945707,puerto ayacucho,296.2,91.0,1.03,97.0
240,-43.014999999775654,-70.2789999994761,san carlos de bariloche,286.15,87.0,6.2,90.0
246,-13.833999999636319,-43.56799999934856,carinhanha,294.1,98.0,2.25,100.0
249,37.09900000060688,-8.745999999182288,lagos,299.15,94.0,3.6,40.0
252,37.34700000060806,-61.68399999943506,saint george,280.32,100.0,1.33,0.0
253,10.324000000479032,-27.888999999273693,sao filipe,292.5,77.0,6.42,70.0
261,33.11600000058786,-10.054999999188539,asfi,282.5,88.0,1.54,2.0
264,51.25300000067446,28.56400000099586,luhyny,271.4,45.0,4.81,0.0
265,15.389000000503216,35.18400000102747,kassala,299.5,19.0,3.99,1.0
266,41.13700000062616,-93.07999999958497,pella,271.0,73.0,4.0,45.0
270,36.709000000605016,77.7460000012307,shache,290.9,17.0,3.41,100.0
271,48.17400000065976,-82.13499999953271,timmins,269.15,100.0,1.5,20.0
274,4.210000000449838,-12.775999999201531,monrovia,298.4,87.0,1.52,100.0
275,23.858000000543655,48.39400000109055,riyadh,286.15,43.0,1.0,0.0
276,-17.365999999653184,-148.19799999984815,tautira,302.1,70.0,6.2,20.0
279,63.2620000007318,3.74200000087734,raudeberg,277.72,86.0,14.9,100.0
280,48.82500000066287,16.17800000093672,dobsice,269.46,58.0,4.1,0.0
282,79.63200000080997,29.72600000100141,mehamn,275.2,76.0,10.38,100.0
287,-43.456999999777764,-30.856999999287865,arraial do cabo,297.3,60.0,1.51,0.0
290,70.5090000007664,-51.56199999938673,ilulissat,260.15,71.0,8.7,100.0
291,-2.973999999584464,41.42300000105726,lamu,302.6,73.0,5.0,34.0
292,5.974000000458261,57.90700000113597,bandarbeyla,300.8,73.0,1.98,90.0
293,72.54300000077612,68.39400000118604,aksarka,271.6,80.0,7.91,39.0
297,-0.3159999995717726,66.33000000117619,thinadhoo,302.3,67.0,4.42,11.0
298,-70.06599999990482,29.10800000099846,port elizabeth,292.15,72.0,6.2,75.0
301,49.690000000667,-57.73699999941621,deer lake,263.15,78.0,4.23,40.0
309,-10.014999999618084,-40.34999999933319,jaguarari,294.7,97.0,1.3,100.0
310,-25.873999999693808,-58.68699999942075,formosa,299.15,61.0,5.1,0.0
314,53.59400000068564,-99.60399999961612,the pas,270.15,49.0,3.1,90.0
321,44.91700000064421,-142.75999999982218,sitka,276.32,23.0,3.6,1.0
322,-47.66599999979786,25.859000000982945,kruisfontein,290.9,82.0,2.62,100.0
325,50.31300000066997,20.2370000009561,miechow,268.12,67.0,4.1,0.0
326,4.27100000045013,75.71200000122099,male,304.15,70.0,0.5,40.0
328,68.59000000075724,55.77300000112578,iskateley,270.9,89.0,9.18,97.0
329,-22.543999999677908,24.26000000097531,khudumelapye,295.3,49.0,1.65,16.0
332,30.554000000575627,-136.2939999997913,half moon bay,283.52,76.0,2.6,90.0
333,-16.724999999650123,20.843000000958995,rundu,294.15,94.0,2.6,75.0
335,-42.095999999771266,-76.44799999950556,ancud,287.15,100.0,3.6,75.0
336,-2.445999999581943,-4.041999999159827,axim,297.2,94.0,0.92,100.0
337,-18.278999999657543,5.061000000883638,namibe,296.7,89.0,4.78,95.0
340,-7.07999999960407,-50.335999999380874,conceicao do araguaia,295.7,94.0,0.67,98.0
341,7.742000000466703,16.9070000009402,beboto,299.9,43.0,1.74,0.0
342,13.341000000493437,25.304000000980295,kutum,297.4,13.0,3.03,16.0
343,28.751000000567018,44.5730000010723,buraydah,283.15,53.0,4.32,40.0
344,17.32700000051247,-106.76699999965032,san patricio,297.9,73.0,1.69,0.0
349,38.56700000061389,2.866000000873157,felanitx,286.36,87.0,3.6,40.0
354,58.816000000710574,-13.787999999206363,hofn,277.2,63.0,14.27,91.0
355,-31.96899999972291,11.478000000914278,oranjemund,288.5,89.0,4.68,21.0
356,56.91300000070149,-65.19599999945183,sept-iles,264.72,78.0,3.1,75.0
357,-14.592999999639943,-81.54299999952988,lima,296.15,88.0,6.7,90.0
358,-33.88499999973206,-56.47999999941021,florida,292.1,88.0,1.13,1.0
360,-11.064999999623097,-35.656999999310784,piacabucu,299.5,81.0,0.54,100.0
364,-4.081999999589755,-49.95199999937904,tucurui,296.3,96.0,1.27,35.0
366,63.59200000073338,-147.3729999998442,fairbanks,272.19,96.0,4.6,90.0
370,14.250000000497778,-130.91799999976564,guerrero negro,289.2,75.0,7.5,100.0
373,-15.763999999645534,-90.63399999957329,huarmey,294.8,80.0,1.79,96.0
377,6.252000000459589,25.08300000097924,zemio,296.2,82.0,1.26,99.0
382,16.344000000507776,18.929000000949856,faya,286.63,87.0,3.6,20.0
386,23.433000000541625,-132.06799999977113,lompoc,284.31,81.0,1.5,20.0
388,-14.189999999638019,34.39700000102371,dedza,293.8,88.0,1.64,32.0
391,-49.02699999980436,-75.62599999950163,coihaique,279.8,97.0,2.52,18.0
392,-7.463999999605903,-45.07199999935574,urucui,295.8,92.0,0.85,100.0
401,38.83100000061515,59.17400000114202,annau,283.15,66.0,11.3,90.0
404,65.94500000074461,-9.586999999186304,vestmanna,278.15,80.0,5.7,100.0
405,70.37900000076579,30.896000001006996,vardo,274.15,74.0,8.7,75.0
406,43.777000000638765,-136.17899999979076,port hardy,279.15,81.0,2.1,75.0
407,-2.5229999995823107,12.616000000919712,mossendjo,294.9,98.0,0.7,97.0
410,35.913000000601215,32.251000001013466,anamur,280.15,100.0,2.6,0.0
412,25.150000000549824,76.45600000122454,baran,307.0,18.0,2.45,32.0
413,31.574000000580497,-104.96599999964172,praxedis guerrero,291.45,14.0,5.1,1.0
417,19.49700000052283,-78.4039999995149,niquero,294.0,91.0,2.84,5.0
421,32.7480000005861,-90.06699999957058,canton,299.91,65.0,2.0,75.0
422,-12.89399999963183,-43.97699999935051,santa maria da vitoria,293.4,98.0,3.16,100.0
423,54.26000000068882,44.20800000107056,kadoshkino,269.7,73.0,4.86,100.0
436,-0.8199999995741791,-113.02199999968019,coahuayana,294.7,65.0,1.4,0.0
437,58.142000000707355,-131.33299999976762,ketchikan,279.63,48.0,6.2,1.0
439,-18.150999999656932,-39.162999999327525,nova vicosa,297.2,83.0,7.21,76.0
440,9.784000000476453,-8.921999999183129,kerouane,296.4,71.0,1.19,100.0
441,39.3650000006177,-86.63999999955422,martinsville,282.29,100.0,0.77,90.0
443,49.16400000066449,-114.21299999968588,pincher creek,274.47,64.0,3.56,1.0
445,40.556000000623385,-1.1309999991459279,teruel,280.39,93.0,1.5,40.0
449,33.766000000590964,-94.58499999959216,texarkana,287.63,100.0,3.1,90.0
451,-25.499999999692022,-29.25399999928021,vila velha,296.05,78.0,4.1,40.0
457,-18.07299999965656,-32.810999999297195,prado,299.6,71.0,8.47,98.0
458,-17.692999999654745,28.9070000009975,karoi,292.9,82.0,2.22,21.0
462,17.925000000515325,0.1750000008603081,kidal,297.0,19.0,3.48,26.0
463,25.707000000552483,-71.20499999948052,cockburn town,297.2,73.0,8.33,0.0
466,-30.130999999714135,-94.76899999959303,lebu,287.6,98.0,2.55,98.0
467,43.015000000635126,26.892000000987878,veliki preslav,273.4,97.0,9.78,100.0
468,-8.47499999961073,23.97500000097395,kaniama,293.5,93.0,3.51,94.0
469,-4.85599999959345,25.77000000098252,lubao,306.04,52.0,1.0,75.0
470,69.20100000076016,7.414000000894873,sorland,279.15,75.0,6.7,75.0
477,-1.4969999995774117,-75.88999999950289,puerto leguizamo,296.9,76.0,0.8,92.0
478,45.16900000064541,-70.7389999994783,lac-megantic,270.54,86.0,1.5,40.0
480,14.662000000499745,-36.963999999317025,porto novo,300.15,78.0,3.6,20.0
481,58.2560000007079,-144.51799999983058,palmer,273.77,95.0,7.2,90.0
482,49.792000000667485,69.24900000119013,atbasar,265.1,91.0,3.41,40.0
485,8.73600000047145,-102.35999999962928,acapulco,300.15,83.0,2.6,20.0
493,-13.259999999633578,40.39500000105235,pemba,298.15,94.0,3.6,75.0
499,-23.116999999680644,-59.69499999942556,pozo colorado,297.0,54.0,3.16,0.0
500,7.139000000463824,62.187000001156406,kulhudhuffushi,301.8,67.0,1.51,29.0
506,35.031000000597004,-8.315999999180235,casablanca,286.85,93.0,1.0,75.0
510,29.310000000569687,-152.40599999986824,kahului,293.87,73.0,7.7,40.0
512,18.13300000051632,-39.83999999933076,ponta do sol,288.43,77.0,4.6,40.0
514,65.35100000074178,-134.57099999978308,mayo,278.99,81.0,3.36,75.0
516,-7.414999999605669,-154.33199999987744,faanui,302.0,64.0,0.67,5.0
517,41.65300000062862,-69.40599999947193,harwich,276.98,64.0,4.1,0.0
518,47.65200000065727,-70.30999999947625,clermont,272.83,74.0,4.1,0.0
520,-20.592999999668592,-76.34699999950507,camana,291.3,84.0,1.0,94.0
522,31.71100000058115,58.18000000113727,ravar,284.7,41.0,3.43,61.0
524,42.47700000063256,0.23200000086058026,barbastro,281.81,87.0,2.1,90.0
525,41.882000000629716,-52.509999999391255,bay roberts,268.78,73.0,6.2,75.0
527,-1.7689999995787105,-26.35099999926635,natal,299.17,78.0,2.1,20.0
528,48.18400000065981,70.26800000119499,atasu,266.8,85.0,6.55,0.0
536,49.7120000006671,-64.81899999945003,riviere-au-renard,270.15,53.0,1.5,90.0
539,51.07500000067361,-75.88699999950288,chapais,270.15,92.0,3.6,90.0
540,45.00400000064462,-64.95699999945069,middleton,276.26,60.0,1.0,50.0
543,-2.2619999995810645,-67.61499999946338,tonantins,296.1,97.0,1.05,99.0
545,24.70300000054769,-84.28299999954297,bahia honda,294.7,86.0,3.62,0.0
552,55.74100000069589,23.06200000096959,kelme,268.15,67.0,3.1,0.0
559,-76.16799999993395,75.46700000121982,saint-philippe,296.67,83.0,5.1,88.0
560,16.29900000050756,-67.56299999946313,guanica,295.81,80.0,0.45,60.0
563,63.55900000073322,53.992000001117276,sosnogorsk,269.5,86.0,3.66,44.0
566,-36.256999999743385,-47.65599999936808,rio grande,295.0,82.0,8.46,0.0
567,18.161000000516452,-77.38599999951003,mandeville,298.15,78.0,0.5,20.0
568,9.95500000047727,41.47700000105752,dire dawa,294.5,65.0,4.86,33.0
570,45.23400000064572,18.546000000948027,bosanski samac,273.18,97.0,8.7,90.0
572,-50.32399999981055,-69.93899999947448,rio gallegos,284.15,66.0,7.7,20.0
575,39.0310000006161,-92.97599999958447,marshall,287.45,100.0,0.54,90.0
586,66.16100000074564,-163.27599999992015,nome,273.07,80.0,5.7,90.0
589,52.29600000067944,51.80800000110685,kurmanayevka,276.6,89.0,5.84,100.0
596,-25.489999999691975,-76.02799999950355,taltal,287.7,84.0,0.25,0.0
599,-15.076999999642254,-36.722999999315874,canavieiras,296.7,79.0,3.48,94.0
602,32.26000000058377,65.17600000117068,sangin,287.8,34.0,1.61,94.0
604,44.67800000064307,-120.4809999997158,redmond,278.63,81.0,4.1,90.0
608,60.345000000717874,-139.36499999980597,haines junction,259.9,87.0,1.57,65.0
609,89.19900000085565,15.09300000093154,longyearbyen,265.15,78.0,13.4,90.0
612,9.607000000475608,-64.23999999944726,anaco,297.4,72.0,3.55,7.0
617,-15.651999999645,-39.606999999329645,pau brasil,292.5,98.0,1.18,100.0
625,-34.46099999973481,-60.56299999942971,chacabuco,290.93,80.0,1.79,0.0
626,-13.29599999963375,58.947000001140935,cap malheureux,299.65,83.0,3.6,75.0
629,58.33200000070826,53.154000001113275,balezino,269.1,83.0,6.25,52.0
632,61.61800000072395,-104.6269999996401,la ronge,268.15,62.0,3.6,75.0
633,34.918000000596464,-111.00599999967056,winslow,278.09,70.0,3.36,1.0
634,26.72800000055736,-102.66299999963073,ocampo,290.0,34.0,1.61,0.0
637,16.865000000510264,43.17500000106563,sabya,299.15,74.0,2.1,40.0
641,54.496000000689946,-76.91399999950778,matagami,270.15,100.0,2.1,1.0
645,-17.93099999965588,-62.0059999994366,pailon,298.15,94.0,1.5,14.0
650,26.13600000055453,-110.41499999966774,loreto,293.7,29.0,2.47,0.0
652,-18.547999999658828,-171.0589999999573,alofi,301.15,83.0,2.6,3.0
653,-8.399999999610372,-35.457999999309834,amaraji,300.15,83.0,1.0,75.0
654,61.30600000072246,-59.79899999942606,pangnirtung,258.6,92.0,2.51,100.0
655,66.39800000074678,41.336000001056846,uyemskiy,269.15,62.0,3.0,95.0
657,68.13300000075506,78.85500000123602,tazovskiy,271.1,88.0,9.82,100.0
661,42.4650000006325,5.575000000886092,sanary-sur-mer,281.73,46.0,5.7,89.0
664,47.84500000065819,-52.972999999393465,wabana,268.77,73.0,6.2,75.0
674,-35.24699999973856,39.71800000104912,richards bay,296.9,79.0,5.57,33.0
676,73.07000000077863,43.12900000106541,ostrovnoy,270.8,84.0,14.2,100.0
677,44.93400000064429,-107.63599999965447,sheridan,276.31,44.0,1.88,1.0
682,-9.026999999613366,-80.54999999952514,santiago de cao,294.6,81.0,1.87,81.0
685,-2.694999999583132,30.695000001006036,rulenge,291.7,92.0,0.63,91.0
688,32.42100000058454,-16.34899999921859,machico,288.74,77.0,4.6,40.0
689,17.68300000051417,13.451000000923699,bilma,299.5,20.0,2.35,6.0
690,18.6530000005188,69.27100000119023,veraval,309.6,20.0,2.23,35.0
691,41.312000000626995,-126.73299999974566,eureka,281.46,87.0,1.82,90.0
693,-13.692999999635646,28.63300000099619,kapiri mposhi,292.6,83.0,3.61,0.0
694,12.151000000487755,-55.58999999940596,oistins,299.15,65.0,8.7,20.0
698,71.86600000077289,2.41000000087098,roald,278.86,80.0,7.2,100.0
705,-18.498999999658594,62.501000001157905,quatre cocos,299.72,83.0,3.6,75.0
710,26.49800000055626,-98.59099999961128,rio grande city,296.38,78.0,5.1,1.0
711,39.43800000061805,-76.34699999950507,joppatowne,278.02,93.0,4.0,1.0
712,36.6850000006049,-83.9539999995414,clinton,274.7,80.0,1.2,75.0
713,-17.85499999965552,-44.8129999993545,varzea da palma,291.4,84.0,2.8,54.0
714,-4.845999999593403,33.18400000101792,tabora,291.15,100.0,3.62,40.0
715,4.142000000449514,54.53500000111987,eyl,300.1,73.0,0.66,100.0
717,25.577000000551863,-13.903999999206917,aguimes,290.26,72.0,3.6,20.0
718,-19.537999999663555,-172.9399999999663,neiafu,303.15,70.0,2.6,20.0
725,27.74400000056221,8.960000000902255,gat,288.3,59.0,2.6,0.0
726,58.743000000710225,-136.2919999997913,juneau,273.72,31.0,2.1,1.0
735,-19.167999999661788,10.168000000908023,opuwo,293.6,63.0,4.35,56.0
738,25.58700000055191,-103.12799999963295,matamoros,299.0,30.0,1.01,41.0
739,-21.901999999674842,-54.08799999939879,rio brilhante,291.4,92.0,2.27,8.0
741,34.69100000059538,-25.840999999263914,ponta delgada,288.15,67.0,5.1,75.0
742,7.070000000463494,-55.03699999940332,marienburg,269.25,92.0,0.5,0.0
743,0.04800000042996544,4.216000000879603,port-gentil,299.9,85.0,4.62,100.0
748,71.85100000077281,-140.90499999981333,aklavik,263.15,66.0,1.5,75.0
749,11.68900000048555,-86.39399999955305,san rafael del sur,300.15,69.0,3.1,20.0
753,40.6640000006239,-73.6299999994921,baldwin,294.81,100.0,2.6,90.0
758,20.147000000525935,68.10500000118466,porbandar,301.15,69.0,4.1,94.0
761,5.512000000456055,-73.73299999949259,san miguel de sema,282.9,96.0,1.25,88.0
764,41.69700000062883,18.99700000095018,ulcinj,274.67,64.0,1.5,90.0
765,-40.660999999764414,-74.21399999949489,osorno,288.0,97.0,3.02,92.0
766,-5.536999999596702,-84.24199999954277,talara,297.3,90.0,5.76,64.0
772,67.73600000075317,58.61700000113936,usinsk,270.5,91.0,8.17,100.0
773,64.7490000007389,54.639000001120365,izhma,269.3,90.0,3.9,100.0
774,-3.1769999995854334,-43.63499999934888,sao benedito do rio preto,295.4,98.0,0.66,42.0
776,30.439000000575078,72.27300000120457,mian channun,299.9,52.0,1.2,47.0
784,18.853000000519756,-83.66999999954004,west bay,298.15,81.0,4.76,0.0
794,73.35900000078001,-148.3339999998488,college,272.31,95.0,4.6,90.0
796,30.45400000057515,38.980000001045596,turayf,286.15,37.0,4.1,49.0
800,62.41600000072776,45.94400000107885,krasnoborsk,271.1,71.0,1.22,0.0
809,63.935000000735016,32.75800000101589,muyezerskiy,271.5,84.0,7.77,100.0
810,-24.788999999688627,35.5670000010293,inhambane,296.15,94.0,1.67,40.0
811,24.70700000054771,23.005000000969318,jalu,287.7,79.0,4.81,0.0
814,15.721000000504802,42.961000001064605,bajil,296.6,80.0,1.46,78.0
815,50.24600000066965,-101.50699999962521,moosomin,271.0,94.0,3.66,100.0
818,84.87100000083498,30.552000001005354,berlevag,276.1,77.0,15.25,91.0
820,57.434000000703975,37.15100000103686,kesova gora,271.0,39.0,4.33,0.0
826,2.626000000442275,-72.89299999948858,puerto concordia,297.4,73.0,1.39,100.0
833,44.4120000006418,7.332000000894482,busca,275.35,81.0,2.31,99.0
836,-19.292999999662385,-27.50299999927185,caravelas,299.6,71.0,8.47,98.0
837,-13.412999999634309,-31.470999999290797,maceio,299.15,94.0,1.5,40.0
838,23.36900000054132,53.86700000111668,abu dhabi,294.24,49.0,5.7,0.0
841,-21.925999999674957,-77.6709999995114,acari,291.4,89.0,1.39,100.0
843,-27.577999999701944,-68.46199999946742,copiapo,289.15,82.0,1.5,0.0
844,25.81700000055301,-17.612999999224627,arona,288.16,93.0,9.8,90.0
849,38.29100000061257,70.17000000119452,leningradskiy,270.1,78.0,2.12,100.0
853,40.68000000062398,12.731000000920261,sabaudia,274.81,51.0,6.7,5.0
855,55.86600000069649,69.83200000119291,ishim,267.6,86.0,2.55,0.0
856,43.643000000638125,-93.84799999958864,ledyard,275.36,93.0,7.2,90.0
857,-42.503999999773214,-56.76599999941158,necochea,290.55,89.0,3.58,67.0
861,50.04800000066871,-89.38399999956732,thunder bay,270.61,74.0,1.0,5.0
862,32.612000000585454,36.341000001032995,sabha,289.6,53.0,6.71,0.0
866,-11.574999999625533,-65.3369999994525,rodrigues alves,295.4,94.0,0.59,41.0
870,47.78000000065788,33.30900000101852,shyroke,268.15,62.0,4.0,2.0
871,-17.6419999996545,-65.26699999945217,mizque,285.1,95.0,0.86,100.0
875,32.39700000058443,-116.2079999996954,la joya,294.7,50.0,1.8,0.0
876,8.911000000472285,-50.471999999381524,sinnamary,299.4,81.0,7.14,10.0
878,48.41000000066089,18.087000000945835,nitra,272.3,54.0,5.1,97.0
879,46.236000000650506,-118.17199999970478,walla walla,278.74,66.0,6.2,20.0
881,5.46700000045584,-12.84499999920186,mattru,297.4,92.0,0.91,93.0
884,18.654000000518806,-95.27199999959544,santiago tuxtla,295.5,84.0,1.91,0.0
886,39.226000000617034,38.52400000104342,malatya,280.15,75.0,3.1,75.0
897,51.07500000067361,-103.06599999963265,melville,275.87,80.0,5.7,90.0
907,30.480000000575274,79.36100000123838,joshimath,286.0,22.0,3.01,84.0
918,31.808000000581615,-93.62299999958756,natchitoches,293.81,94.0,2.6,1.0
919,-10.624999999620997,25.27800000098017,kambove,290.7,97.0,1.68,100.0
922,-13.222999999633402,-42.953999999345626,macaubas,294.3,95.0,2.88,100.0
923,14.842000000500605,22.783000000968258,adre,299.8,12.0,3.58,41.0
925,-5.197999999595083,-64.68399999944938,canutama,296.1,89.0,0.49,91.0
926,52.2670000006793,-102.8239999996315,preeceville,271.7,97.0,4.73,100.0
931,49.88100000066791,49.42700000109548,aleksandrov gay,272.3,83.0,4.62,100.0
935,56.2670000006984,20.079000000955347,liepaja,270.29,86.0,1.5,3.0
938,-27.407999999701133,40.37500000105226,ampanihy,302.2,49.0,4.17,0.0
942,-0.5129999995727133,14.748000000929892,ewo,296.3,89.0,1.87,25.0
943,2.7070000004426618,-62.27099999943786,boa vista,302.15,66.0,4.1,75.0
952,9.774000000476406,-99.41699999961523,puerto escondido,294.5,80.0,1.21,0.0
953,33.42600000058934,51.6520000011061,kashan,283.4,56.0,2.2,67.0
957,7.613000000466087,28.76500000099682,tonj,303.9,46.0,1.18,0.0
964,50.31700000066999,28.95300000099772,korostyshiv,271.5,44.0,5.33,0.0
968,47.60200000065703,-101.57399999962553,minot,275.21,74.0,2.1,1.0
972,10.46800000047972,12.705000000920137,biu,300.0,61.0,3.33,78.0
974,46.286000000650745,-106.63099999964967,miles city,281.19,34.0,2.6,1.0
975,51.94600000067777,15.594000000933931,zielona gora,267.09,85.0,2.74,0.0
979,31.02600000057788,-85.01399999954646,dothan,293.51,83.0,4.1,75.0
983,-17.507999999653862,31.93800000101197,mutoko,294.6,60.0,1.09,4.0
986,-33.992999999732575,-61.986999999436506,venado tuerto,291.48,79.0,4.58,0.0
988,5.330000000455186,9.373000000904227,fontem,292.2,92.0,0.94,96.0
990,17.12200000051149,-85.80399999955023,savannah bight,299.5,79.0,7.74,10.0
993,-19.564999999663684,-70.53499999947732,iquique,293.15,82.0,1.5,0.0
997,-84.64799999997445,79.51500000123917,busselton,305.0,19.0,4.43,70.0
1002,43.55000000063768,-121.54099999972087,bend,274.65,64.0,1.5,90.0
1007,53.38100000068462,-5.659999999167553,greystones,280.59,70.0,3.6,75.0
1016,59.648000000714546,-127.44299999974905,smithers,273.15,95.0,3.6,90.0
1019,30.44600000057511,0.9060000008637985,adrar,286.4,56.0,4.98,85.0
1031,16.56700000050884,-91.22799999957613,benemerito de las americas,294.3,89.0,1.66,0.0
1037,33.35700000058901,-125.37799999973919,pacific grove,283.27,81.0,3.1,90.0
1039,56.724000000700585,-21.61799999924375,vestmannaeyjar,276.6,57.0,13.03,58.0
1041,28.857000000567524,27.522000000990886,marsa matruh,284.15,87.0,2.1,20.0
1042,3.7750000004477613,-16.257999999218157,bonthe,299.0,88.0,1.97,98.0
1046,28.354000000565122,40.85500000105455,sakakah,286.15,19.0,2.1,40.0
1049,51.69600000067658,-96.90599999960324,gimli,268.8,92.0,5.05,43.0
1050,6.178000000459235,72.78700000120702,funadhoo,301.8,65.0,1.93,23.0
1051,-6.2589999996001495,-82.12099999953264,sechura,296.9,87.0,4.02,66.0
1054,-45.632999999788154,-5.7429999991679495,saldanha,287.15,87.0,2.6,75.0
1056,17.79600000051471,62.67400000115873,sur,296.2,49.0,2.27,0.0
1071,14.812000000500461,-101.80599999962664,san jeronimo,277.9,95.0,0.13,89.0
1073,30.551000000575613,-10.02399999918839,agadir,285.15,93.0,3.1,2.0
1074,-22.120999999675888,33.58200000101982,chipinge,296.2,56.0,0.41,91.0
1075,56.36000000069885,60.72600000114943,verkhnyaya sysert,266.15,79.0,2.0,47.0
1078,38.6540000006143,60.076000001146326,kaka,283.5,59.0,8.05,100.0
1080,54.276000000688896,76.26900000122362,tatarsk,265.7,88.0,2.24,12.0
1081,45.350000000646276,-75.49599999950101,ottawa,272.31,92.0,2.6,90.0
1082,36.003000000601645,-119.63199999971175,corcoran,286.28,71.0,1.5,75.0
1083,5.223000000454675,-7.38299999917578,tabou,295.5,97.0,1.58,100.0
1088,26.10000000055436,-75.54699999950125,dunmore town,296.2,79.0,4.45,0.0
1097,42.07300000063063,40.622000001053436,ardesen,279.15,93.0,3.6,40.0
1098,38.376000000612976,-119.55099999971137,south lake tahoe,275.57,52.0,1.5,75.0
1099,35.98100000060154,51.504000001105396,eslamshahr,279.93,70.0,2.1,75.0
1104,35.75000000060044,-91.69599999957836,batesville,285.43,76.0,3.6,90.0
1107,2.3930000004411625,-108.07199999965655,ixtapa,296.15,83.0,1.03,5.0
1113,37.894000000610674,-11.853999999197129,cascais,285.02,81.0,3.6,0.0
1116,-11.349999999624458,-41.35499999933799,america dourada,294.1,92.0,3.32,100.0
1123,29.84900000057226,-92.68999999958311,jennings,278.49,93.0,1.5,90.0
1127,26.1500000005546,-64.23299999944723,hamilton,276.4,93.0,1.5,1.0
1132,61.834000000724984,50.38500000110005,zelenets,265.15,67.0,2.0,0.0
1133,63.08300000073095,-151.71899999986496,kenai,274.5,69.0,1.29,1.0
1137,44.63100000064284,-101.5669999996255,pierre,278.15,86.0,7.2,75.0
1142,20.58600000052803,-49.223999999375565,bathsheba,299.15,65.0,8.7,20.0
1146,57.19400000070283,-124.12799999973322,mackenzie,267.15,53.0,4.1,1.0
1155,17.57400000051365,-74.23999999949501,les cayes,299.2,73.0,4.9,1.0
1163,5.855000000457693,77.53400000122969,kanniyakumari,303.0,68.0,7.7,0.0
1167,-11.680999999626039,44.88100000107377,domoni,301.7,71.0,2.5,8.0
1178,23.745000000543115,31.43700000100958,aswan,299.5,20.0,4.07,21.0
1181,34.79300000059587,53.76400000111619,semnan,283.3,50.0,1.9,100.0
1186,4.888000000453076,22.90300000096883,bangassou,296.0,90.0,0.48,100.0
1201,-10.692999999621321,13.864000000925671,sumbe,297.4,83.0,0.99,11.0
1203,51.11700000067381,15.151000000931816,luban,266.44,73.0,3.14,0.0
1205,19.537000000523022,-74.866999999498,guantanamo,296.07,78.0,2.6,20.0
1209,15.445000000503484,16.92600000094029,moussoro,301.6,14.0,1.47,0.0
1211,18.962000000520277,-21.408999999242752,santa maria,292.3,79.0,2.36,0.0
1212,32.099000000583004,62.06400000115582,farah,289.0,33.0,5.06,0.0
1215,24.786000000548086,-16.630999999219938,santa lucia,290.26,72.0,3.6,20.0
1217,61.25900000072224,8.556000000900326,hemsedal,264.8,55.0,3.03,32.0
1221,-16.647999999649755,-58.22799999941856,san matias,297.2,94.0,1.57,85.0
1226,-20.167999999666563,-154.52399999987836,avera,290.45,93.0,2.1,90.0
1229,27.0510000005589,64.65400000116819,kharan,297.3,18.0,7.62,0.0
1231,-31.200999999719244,-45.06999999935573,laguna,283.37,71.0,3.6,90.0
1235,5.44800000045575,-42.84599999934511,carutapera,301.0,77.0,4.21,29.0
1252,53.11600000068336,27.507000000990814,salihorsk,271.2,52.0,3.02,0.0
1256,14.488000000498914,-102.58399999963035,petatlan,299.2,71.0,2.54,0.0
1259,18.23000000051678,-158.75899999989858,ewa beach,296.37,57.0,4.6,40.0
1266,57.16500000070269,66.8340000011786,yarkovo,270.9,71.0,3.18,0.0
1268,38.89200000061544,-80.34099999952414,clarksburg,279.52,75.0,2.1,90.0
1271,42.43500000063236,-17.976999999226365,vila franca do campo,288.15,67.0,5.1,75.0
1272,35.743000000600404,-104.53399999963966,las vegas,286.85,58.0,5.83,1.0
1274,46.61000000065229,3.67500000087702,yzeure,272.48,64.0,1.5,0.0
1275,8.220000000468985,-52.04999999938906,iracoubo,299.4,81.0,7.14,10.0
1277,-20.767999999669428,-56.20699999940891,bonito,290.1,83.0,1.2,44.0
1278,-13.5369999996349,47.03500000108406,ambanja,298.15,70.0,0.74,40.0
1279,46.173000000650205,68.41900000118616,zhezkazgan,270.15,73.0,9.0,20.0
1284,17.93000000051535,-8.310999999180211,nara,284.88,28.0,7.2,40.0
1289,-4.4959999995917315,-41.50499999933871,pedro ii,294.5,97.0,1.0,98.0
1290,28.82900000056739,-110.59799999966862,hermosillo,292.62,39.0,2.1,40.0
1291,42.61800000063323,72.24200000120442,talas,277.15,73.0,2.1,40.0
1295,-15.087999999642307,-61.57099999943452,urubicha,296.2,90.0,0.86,100.0
1303,41.6270000006285,8.669000000900866,ajaccio,279.39,26.0,4.6,90.0
1304,17.05500000051117,6.437000000890208,agadez,298.6,14.0,1.41,65.0
1307,35.601000000599726,56.96100000113145,sabzevar,279.6,85.0,3.32,100.0
1317,18.80800000051954,70.7710000011974,diu,300.4,64.0,1.77,12.0
1331,15.629000000504362,-65.58299999945368,arroyo,278.93,93.0,5.1,3.0
1333,48.975000000663584,-100.99499999962276,melita,274.53,93.0,2.24,100.0
1334,59.038000000711634,34.257000001023044,khvoynaya,271.1,47.0,2.52,0.0
1336,-43.565999999778285,67.51800000118186,souillac,299.76,83.0,3.6,75.0
1337,45.2290000006457,-8.495999999181095,naron,281.16,100.0,1.5,7.0
1340,25.156000000549852,31.687000001010773,esna,295.15,37.0,4.1,40.0
1341,3.6850000004473316,-40.5399999993341,acarau,296.0,94.0,1.11,71.0
1342,60.936000000720696,-179.61799999999818,egvekinot,265.5,98.0,3.02,92.0
1343,14.626000000499573,47.86500000108802,lahij,301.0,62.0,3.88,30.0
1344,14.557000000499244,79.9460000012412,kovur,306.5,41.0,5.36,0.0
1347,35.48400000059917,-5.501999999166799,tetouan,286.41,93.0,5.7,100.0
1350,22.895000000539056,-79.85999999952185,sagua la grande,295.15,88.0,2.6,20.0
1356,36.801000000605455,-81.24699999952847,bluefield,282.13,100.0,2.6,90.0
1361,20.17100000052605,-156.2919999998868,kihei,293.7,73.0,7.7,40.0
1363,54.276000000688896,64.66500000116824,zverinogolovskoye,267.2,86.0,2.3,0.0
1366,-4.471999999591617,-80.60999999952543,la brea,298.6,82.0,5.5,0.0
1367,20.48500000052755,-62.26499999943783,the valley,297.62,73.0,5.7,75.0
1368,-47.741999999798225,-65.18799999945179,comodoro rivadavia,293.15,45.0,5.7,100.0
1371,26.317000000555396,-78.35999999951468,high rock,296.9,73.0,4.78,0.0
1377,-11.587999999625595,-58.11599999941802,vilhena,294.9,86.0,1.02,100.0
1378,-11.559999999625461,-73.6939999994924,pangoa,292.4,98.0,0.66,57.0
1379,67.23100000075075,-28.263999999275484,olafsvik,274.5,89.0,13.1,100.0
1380,50.747000000672045,-107.85699999965553,swift current,276.15,74.0,5.7,20.0
1384,56.858000000701225,34.362000001023546,kuvshinovo,270.3,45.0,2.14,0.0
1385,43.641000000638115,-10.507999999190702,muros,282.03,93.0,2.1,20.0
1388,9.983000000477404,-18.57899999922924,bubaque,296.7,59.0,7.53,80.0
1390,70.55800000076664,22.88200000096873,oksfjord,276.45,64.0,14.4,75.0
1392,21.205000000530987,-7.207999999174945,taoudenni,290.6,33.0,5.52,100.0
1395,27.127000000559264,-88.09799999956118,pascagoula,294.98,100.0,2.6,90.0
1396,33.40100000058922,-114.44399999968698,blythe,289.29,39.0,3.6,1.0
1397,40.441000000622836,32.98200000101696,cubuk,279.51,70.0,5.7,75.0
1402,25.569000000551824,66.17800000117546,uthal,300.8,49.0,2.34,5.0
1403,-4.462999999591574,26.7290000009871,kasongo,296.9,88.0,2.81,15.0
1409,-26.957999999698984,-43.805999999349694,ilhabela,297.1,75.0,5.79,4.0
1417,-8.848999999612516,-28.735999999277738,olinda,300.15,83.0,1.0,75.0
1419,4.714000000452245,64.84000000116907,mahibadhoo,302.2,62.0,2.61,47.0
1420,28.635000000566464,68.65000000118727,sohbatpur,302.1,37.0,4.51,0.0
1421,7.926000000467582,68.21900000118521,dhidhdhoo,301.7,67.0,1.21,43.0
1425,-32.20599999972404,-69.17799999947084,mendoza,298.15,53.0,1.0,0.0
1427,12.88300000049125,-10.482999999190582,dire,295.6,26.0,1.47,98.0
1430,59.75000000071503,6.182000000888991,sauda,278.71,78.0,2.68,85.0
1433,4.053000000449089,6.071000000888461,yenagoa,298.1,93.0,1.1,99.0
1440,39.54600000061856,-87.43599999955802,terre haute,275.09,86.0,2.71,90.0
1442,-9.995999999617993,-75.1809999994995,oxapampa,283.6,97.0,1.47,43.0
1454,34.88500000059631,26.06100000098391,koutsouras,285.93,87.0,0.45,0.0
1466,41.151000000626226,0.5680000008621846,tortosa,283.13,81.0,3.1,75.0
1468,59.19500000071238,0.11200000086000728,sandwick,280.15,93.0,5.1,100.0
1469,45.20600000064559,38.01300000104098,anastasiyevskaya,273.15,67.0,8.0,90.0
1470,-9.177999999614087,51.1910000011039,ambilobe,301.5,71.0,1.32,12.0
1481,18.363000000517417,-55.636999999406186,saint-francois,271.72,60.0,1.5,0.0
1482,-13.71699999963576,-38.39499999932386,marau,289.3,81.0,3.91,0.0
1485,-2.556999999582473,16.962000000940463,mushie,297.0,84.0,1.09,75.0
1487,53.08500000068321,24.146000000974766,vawkavysk,267.15,79.0,2.24,0.0
1493,45.78500000064835,-0.601999999143402,saintes,279.56,93.0,2.1,0.0
1495,8.553000000470576,16.279000000937202,moundou,300.9,37.0,1.51,10.0
1498,55.0720000006927,-9.275999999184819,killybegs,279.82,89.0,4.02,100.0
